[
  {
    "value": "Mina",
    "synonyms": [
      "Mina"
    ]
  },
  {
    "value": "Tony Dallara",
    "synonyms": [
      "Tony Dallara"
    ]
  },
  {
    "value": "Rita Pavone",
    "synonyms": [
      "Rita Pavone"
    ]
  },
  {
    "value": "Raimondo Vianello",
    "synonyms": [
      "Raimondo Vianello"
    ]
  },
  {
    "value": "Adriano Celentano",
    "synonyms": [
      "Adriano Celentano"
    ]
  },
  {
    "value": "Iva Zanicchi",
    "synonyms": [
      "Iva Zanicchi"
    ]
  },
  {
    "value": "Gianni Morandi",
    "synonyms": [
      "Gianni Morandi"
    ]
  },
  {
    "value": "Carmen Villani",
    "synonyms": [
      "Carmen Villani"
    ]
  },
  {
    "value": "Claudio Baglioni",
    "synonyms": [
      "Claudio Baglioni"
    ]
  },
  {
    "value": "Fiorella Mannoia",
    "synonyms": [
      "Fiorella Mannoia"
    ]
  },
  {
    "value": "Raffaella Carrà",
    "synonyms": [
      "Raffaella Carrà"
    ]
  },
  {
    "value": "Fred Bongusto",
    "synonyms": [
      "Fred Bongusto"
    ]
  },
  {
    "value": "Massimo Ranieri",
    "synonyms": [
      "Massimo Ranieri"
    ]
  },
  {
    "value": "Lucio Battisti",
    "synonyms": [
      "Lucio Battisti"
    ]
  },
  {
    "value": "Lucio Dalla",
    "synonyms": [
      "Lucio Dalla"
    ]
  }
]