[
  {
    "value": "commedia teatrale",
    "synonyms": [
      "commedia teatrale"
    ]
  },
  {
    "value": "musical",
    "synonyms": [
      "musical"
    ]
  },
  {
    "value": "tragedia",
    "synonyms": [
      "tragedia"
    ]
  },
  {
    "value": "opera lirica",
    "synonyms": [
      "opera lirica"
    ]
  },
  {
    "value": "commedia dell’arte",
    "synonyms": [
      "commedia dell’arte"
    ]
  },
  {
    "value": "teatro dell\u0027assurdo",
    "synonyms": [
      "teatro dell\u0027assurdo"
    ]
  }
]