[
  {
    "value": "Pippo Baudo",
    "synonyms": [
      "Pippo Baudo"
    ]
  },
  {
    "value": "Eduardo De Filippo",
    "synonyms": [
      "Eduardo De Filippo"
    ]
  },
  {
    "value": "Amadeus",
    "synonyms": [
      "Amadeus"
    ]
  },
  {
    "value": "Massimo Girotti",
    "synonyms": [
      "Massimo Girotti"
    ]
  },
  {
    "value": "Albert Einstein",
    "synonyms": [
      "Albert Einstein"
    ]
  },
  {
    "value": "Margherita Hack",
    "synonyms": [
      "Margherita Hack"
    ]
  },
  {
    "value": "Orietta Berti",
    "synonyms": [
      "Orietta Berti"
    ]
  },
  {
    "value": "Barbara Bouchet",
    "synonyms": [
      "Barbara Bouchet"
    ]
  },
  {
    "value": "Simona Izzo",
    "synonyms": [
      "Simona Izzo"
    ]
  },
  {
    "value": "Raffaella Carrà",
    "synonyms": [
      "Raffaella Carrà"
    ]
  },
  {
    "value": "Piero Angela",
    "synonyms": [
      "Piero Angela"
    ]
  },
  {
    "value": "Peppino De Filippo",
    "synonyms": [
      "Peppino De Filippo"
    ]
  },
  {
    "value": "Massimo Troisi",
    "synonyms": [
      "Massimo Troisi"
    ]
  },
  {
    "value": "Vittorio De Sica",
    "synonyms": [
      "Vittorio De Sica"
    ]
  },
  {
    "value": "Luciano Pavarotti",
    "synonyms": [
      "Luciano Pavarotti"
    ]
  },
  {
    "value": "Nino Manfredi",
    "synonyms": [
      "Nino Manfredi"
    ]
  },
  {
    "value": "Totò",
    "synonyms": [
      "Totò"
    ]
  },
  {
    "value": "Lino Banfi",
    "synonyms": [
      "Lino Banfi"
    ]
  },
  {
    "value": "Andrea Bocelli",
    "synonyms": [
      "Andrea Bocelli"
    ]
  },
  {
    "value": "Mike Bongiorno",
    "synonyms": [
      "Mike Bongiorno"
    ]
  }
]