[
  {
    "id": "42edcb8f-038d-4999-9efb-3d0b455268dd",
    "data": [
      {
        "text": "People call me ",
        "userDefined": false
      },
      {
        "text": "Lizzy",
        "meta": "@sys.given-name",
        "alias": "name",
        "userDefined": false
      }
    ],
    "isTemplate": false,
    "count": 0,
    "lang": "en",
    "updated": 0
  },
  {
    "id": "c05c2748-8ef8-4697-b9cb-e678aaacf4e8",
    "data": [
      {
        "text": "My number is ",
        "userDefined": false
      },
      {
        "text": "123456789",
        "meta": "@sys.number",
        "alias": "phonenum",
        "userDefined": false
      }
    ],
    "isTemplate": false,
    "count": 0,
    "lang": "en",
    "updated": 0
  },
  {
    "id": "0fab939a-a44a-4320-b33c-27e21c1300b8",
    "data": [
      {
        "text": "I\u0027m ",
        "userDefined": false
      },
      {
        "text": "John",
        "meta": "@sys.given-name",
        "alias": "name",
        "userDefined": false
      }
    ],
    "isTemplate": false,
    "count": 0,
    "lang": "en",
    "updated": 0
  },
  {
    "id": "5d3b3c9c-3aa2-4aa6-aaeb-e7d8eb756f09",
    "data": [
      {
        "text": "My name is ",
        "userDefined": false
      },
      {
        "text": "Peter",
        "meta": "@sys.given-name",
        "alias": "name",
        "userDefined": false
      }
    ],
    "isTemplate": false,
    "count": 0,
    "lang": "en",
    "updated": 0
  },
  {
    "id": "87e6d9c3-b62c-447d-88c2-92cd997d664f",
    "data": [
      {
        "text": "1234567890",
        "meta": "@sys.number",
        "alias": "phonenum",
        "userDefined": false
      }
    ],
    "isTemplate": false,
    "count": 0,
    "lang": "en",
    "updated": 0
  },
  {
    "id": "ecd907dc-25c1-44e3-8514-6ed3c69ff628",
    "data": [
      {
        "text": "Peter",
        "meta": "@sys.given-name",
        "alias": "name",
        "userDefined": true
      }
    ],
    "isTemplate": false,
    "count": 0,
    "lang": "en",
    "updated": 0
  }
]