[
  {
    "id": "36ff0b02-0d3e-4b7a-a4e9-18f64933917b",
    "data": [
      {
        "text": "My all time favorite song ",
        "userDefined": false
      },
      {
        "text": "will",
        "userDefined": false
      },
      {
        "text": " be ",
        "userDefined": false
      },
      {
        "text": "Let it go",
        "meta": "@sys.any",
        "alias": "text",
        "userDefined": true
      }
    ],
    "isTemplate": false,
    "count": 0,
    "lang": "en",
    "updated": 0
  },
  {
    "id": "f5417536-533a-40ad-913b-4fbc264a14b7",
    "data": [
      {
        "text": "I love listening to ",
        "userDefined": false
      },
      {
        "text": "Tomorrow never comes",
        "meta": "@sys.any",
        "alias": "text",
        "userDefined": true
      }
    ],
    "isTemplate": false,
    "count": 0,
    "lang": "en",
    "updated": 0
  },
  {
    "id": "905a933a-f891-45e8-b1d8-c55c1c0951bc",
    "data": [
      {
        "text": "my most played song would be ",
        "userDefined": false
      },
      {
        "text": "Photograph",
        "meta": "@sys.any",
        "alias": "text",
        "userDefined": true
      }
    ],
    "isTemplate": false,
    "count": 0,
    "lang": "en",
    "updated": 0
  },
  {
    "id": "e2a0f749-ce9f-4490-ae38-e33da92c7281",
    "data": [
      {
        "text": "my favorite song is ",
        "userDefined": false
      },
      {
        "text": "Perfect",
        "meta": "@sys.any",
        "alias": "text",
        "userDefined": true
      }
    ],
    "isTemplate": false,
    "count": 0,
    "lang": "en",
    "updated": 0
  }
]