[
  {
    "id": "bdd98165-2cbf-4b8d-ac72-cf1b6f6b0ecb",
    "data": [
      {
        "text": "my favorite human is the ",
        "userDefined": false
      },
      {
        "text": "rocco",
        "meta": "@sys.person",
        "alias": "person",
        "userDefined": false
      }
    ],
    "isTemplate": false,
    "count": 0,
    "lang": "en",
    "updated": 0
  },
  {
    "id": "1f14d38c-e0ba-4b1b-95b1-439d69f1956d",
    "data": [
      {
        "text": "I favorite human is ",
        "userDefined": false
      },
      {
        "text": "lizzy",
        "meta": "@sys.person",
        "alias": "person",
        "userDefined": false
      }
    ],
    "isTemplate": false,
    "count": 0,
    "lang": "en",
    "updated": 0
  },
  {
    "id": "60ee2665-8f59-4c2f-af75-fe1b87cd5071",
    "data": [
      {
        "text": "my favorite person is ",
        "userDefined": false
      },
      {
        "text": "Tom Cook",
        "meta": "@sys.person",
        "alias": "person",
        "userDefined": true
      }
    ],
    "isTemplate": false,
    "count": 0,
    "lang": "en",
    "updated": 0
  }
]