[
  {
    "id": "5647476c-1b4d-4620-a116-3ff6324cd46a",
    "data": [
      {
        "text": "my all time fav movie is ",
        "userDefined": false
      },
      {
        "text": "superman",
        "meta": "@sys.any",
        "alias": "text",
        "userDefined": false
      }
    ],
    "isTemplate": false,
    "count": 0,
    "lang": "en",
    "updated": 0
  },
  {
    "id": "c5b31e85-7108-45c4-bb3c-7ef4720368cf",
    "data": [
      {
        "text": "my favorite movie is ",
        "userDefined": false
      },
      {
        "text": "spiderman no way home",
        "meta": "@sys.any",
        "alias": "text",
        "userDefined": true
      }
    ],
    "isTemplate": false,
    "count": 0,
    "lang": "en",
    "updated": 0
  }
]