[
  {
    "id": "51599820-b1aa-4146-b8aa-f4242c068ae0",
    "data": [
      {
        "text": "name",
        "userDefined": false
      }
    ],
    "isTemplate": false,
    "count": 0,
    "lang": "en",
    "updated": 0
  },
  {
    "id": "a90d67dd-cd0f-4850-a74c-5cc164404bdd",
    "data": [
      {
        "text": "i\u0027m ",
        "userDefined": false
      },
      {
        "text": "bhalerao",
        "meta": "@sys.person",
        "alias": "person",
        "userDefined": false
      }
    ],
    "isTemplate": false,
    "count": 0,
    "lang": "en",
    "updated": 0
  },
  {
    "id": "724ca373-ba14-4b8e-abc4-d2070dd49cc9",
    "data": [
      {
        "text": "my name is ",
        "userDefined": false
      },
      {
        "text": "kumar",
        "meta": "@sys.person",
        "alias": "person",
        "userDefined": false
      }
    ],
    "isTemplate": false,
    "count": 0,
    "lang": "en",
    "updated": 0
  },
  {
    "id": "9b8d76a2-4fe0-449d-8cdb-21b7bc6b1a92",
    "data": [
      {
        "text": "People call me ",
        "userDefined": false
      },
      {
        "text": "raja rao",
        "meta": "@sys.person",
        "alias": "person",
        "userDefined": false
      }
    ],
    "isTemplate": false,
    "count": 0,
    "lang": "en",
    "updated": 0
  },
  {
    "id": "1334c9ef-6686-46b6-b23b-ed12baa30a1c",
    "data": [
      {
        "text": "i\u0027m ",
        "userDefined": false
      },
      {
        "text": "nitya",
        "meta": "@sys.person",
        "alias": "person",
        "userDefined": false
      }
    ],
    "isTemplate": false,
    "count": 0,
    "lang": "en",
    "updated": 0
  },
  {
    "id": "c5e03418-7fb1-4036-b81b-a32b1b8636a5",
    "data": [
      {
        "text": "my name is ",
        "userDefined": false
      },
      {
        "text": "mrinmoy",
        "meta": "@sys.person",
        "alias": "person",
        "userDefined": true
      }
    ],
    "isTemplate": false,
    "count": 0,
    "lang": "en",
    "updated": 0
  }
]