[
  {
    "id": "ba978d04-4320-443a-831c-70519c198bb2",
    "data": [
      {
        "text": "tell me about my favorite music type",
        "userDefined": false
      }
    ],
    "isTemplate": false,
    "count": 0,
    "lang": "en",
    "updated": 0
  },
  {
    "id": "1113e95c-6d46-411e-9590-71cf46fccef8",
    "data": [
      {
        "text": "do i have any music type which are my favorite?",
        "userDefined": false
      }
    ],
    "isTemplate": false,
    "count": 0,
    "lang": "en",
    "updated": 0
  },
  {
    "id": "4db365a7-acd2-47d7-93a0-43b7879152cc",
    "data": [
      {
        "text": "do i have any favorite music type?",
        "userDefined": false
      }
    ],
    "isTemplate": false,
    "count": 0,
    "lang": "en",
    "updated": 0
  },
  {
    "id": "1077cc20-6901-4665-882a-6229fad9583b",
    "data": [
      {
        "text": "do I have a favorite music type?",
        "userDefined": false
      }
    ],
    "isTemplate": false,
    "count": 0,
    "lang": "en",
    "updated": 0
  },
  {
    "id": "00cb8d06-82c9-4e15-97b5-85bb04e64cca",
    "data": [
      {
        "text": "my favorite music types are?",
        "userDefined": false
      }
    ],
    "isTemplate": false,
    "count": 0,
    "lang": "en",
    "updated": 0
  },
  {
    "id": "6aaaf28a-16ee-4f79-a798-62eb830be60b",
    "data": [
      {
        "text": "my favorite music type is?",
        "userDefined": false
      }
    ],
    "isTemplate": false,
    "count": 0,
    "lang": "en",
    "updated": 0
  },
  {
    "id": "6d3e7755-9e97-481e-ae4f-41d950e7e98a",
    "data": [
      {
        "text": "could you help me recall all my favorite music type?",
        "userDefined": false
      }
    ],
    "isTemplate": false,
    "count": 0,
    "lang": "en",
    "updated": 0
  },
  {
    "id": "446b4f2c-df86-4f29-84e1-05056f6427ac",
    "data": [
      {
        "text": "could you help me recall my favorite music type?",
        "userDefined": false
      }
    ],
    "isTemplate": false,
    "count": 0,
    "lang": "en",
    "updated": 0
  },
  {
    "id": "8d8248be-17a4-40fb-848b-46e49c005e6c",
    "data": [
      {
        "text": "Do you know what my favorite music types are?",
        "userDefined": false
      }
    ],
    "isTemplate": false,
    "count": 0,
    "lang": "en",
    "updated": 0
  },
  {
    "id": "bcea9db6-817e-49ab-984e-cb2752198665",
    "data": [
      {
        "text": "Do you know what my favorite music type is?",
        "userDefined": false
      }
    ],
    "isTemplate": false,
    "count": 0,
    "lang": "en",
    "updated": 0
  },
  {
    "id": "1ebdb84f-20f0-4cba-a150-a75c7e046f7c",
    "data": [
      {
        "text": "I cannot seem to recall my favorite music type",
        "userDefined": false
      }
    ],
    "isTemplate": false,
    "count": 0,
    "lang": "en",
    "updated": 0
  },
  {
    "id": "aad31ace-e465-42cd-866f-23e53ce6c8ff",
    "data": [
      {
        "text": "I cannot recall my favorite music type",
        "userDefined": false
      }
    ],
    "isTemplate": false,
    "count": 0,
    "lang": "en",
    "updated": 0
  },
  {
    "id": "6f09e70c-fc2e-4000-9459-eb7612f089c2",
    "data": [
      {
        "text": "what are my favorite music type?",
        "userDefined": false
      }
    ],
    "isTemplate": false,
    "count": 0,
    "lang": "en",
    "updated": 0
  },
  {
    "id": "c3b68b48-5459-46c2-98a9-c411653daef7",
    "data": [
      {
        "text": "what is my favorite music type?",
        "userDefined": false
      }
    ],
    "isTemplate": false,
    "count": 0,
    "lang": "en",
    "updated": 0
  }
]