[
  {
    "id": "25c8ca34-be57-4650-82a6-93d2adc26488",
    "data": [
      {
        "text": "do i like any music artist?",
        "userDefined": false
      }
    ],
    "isTemplate": false,
    "count": 0,
    "lang": "en",
    "updated": 0
  },
  {
    "id": "a4735685-bcd2-42a4-bea0-f2ac1811826a",
    "data": [
      {
        "text": "do you know my favorite music artist?",
        "userDefined": false
      }
    ],
    "isTemplate": false,
    "count": 0,
    "lang": "en",
    "updated": 0
  },
  {
    "id": "63e35bee-7efe-4feb-a7d4-60362ec8cb0f",
    "data": [
      {
        "text": "my favorite music artist\u0027s are?",
        "userDefined": false
      }
    ],
    "isTemplate": false,
    "count": 0,
    "lang": "en",
    "updated": 0
  },
  {
    "id": "b575add8-7eac-4676-a7ba-ec18e4d2f6c9",
    "data": [
      {
        "text": "my favorite music artist is?",
        "userDefined": false
      }
    ],
    "isTemplate": false,
    "count": 1,
    "lang": "en",
    "updated": 0
  },
  {
    "id": "efdb04e2-d138-4141-9af7-6389f1e7f2d9",
    "data": [
      {
        "text": "who is this music artist?",
        "userDefined": false
      }
    ],
    "isTemplate": false,
    "count": 0,
    "lang": "en",
    "updated": 0
  },
  {
    "id": "78da9495-390d-4ece-87bd-15b0a9f91967",
    "data": [
      {
        "text": "what is the music artist\u0027s name",
        "userDefined": false
      }
    ],
    "isTemplate": false,
    "count": 0,
    "lang": "en",
    "updated": 0
  },
  {
    "id": "1f32096b-bfdd-4cb1-ac3a-e9bd0b885681",
    "data": [
      {
        "text": "name few music artists i listen to",
        "userDefined": false
      }
    ],
    "isTemplate": false,
    "count": 0,
    "lang": "en",
    "updated": 0
  },
  {
    "id": "09638fde-bfa9-42c3-8533-729040f8a742",
    "data": [
      {
        "text": "which music artist do i listen to the most?",
        "userDefined": false
      }
    ],
    "isTemplate": false,
    "count": 0,
    "lang": "en",
    "updated": 0
  },
  {
    "id": "f510bcfe-3a9e-4813-b953-2fcc2b8178c2",
    "data": [
      {
        "text": "which all music bands do i listen to?",
        "userDefined": false
      }
    ],
    "isTemplate": false,
    "count": 0,
    "lang": "en",
    "updated": 0
  },
  {
    "id": "611a216a-8f1e-44e6-99fa-4c6e1cbcd0af",
    "data": [
      {
        "text": "which band do i like?",
        "userDefined": false
      }
    ],
    "isTemplate": false,
    "count": 0,
    "lang": "en",
    "updated": 0
  },
  {
    "id": "0cecf074-7adc-4da2-a573-18c886801a45",
    "data": [
      {
        "text": "who is my favorite music artist?",
        "userDefined": false
      }
    ],
    "isTemplate": false,
    "count": 0,
    "lang": "en",
    "updated": 0
  }
]