[
  {
    "id": "960f2476-64f5-4bf0-801d-b25f52eeb602",
    "data": [
      {
        "text": "do you know my name?",
        "userDefined": false
      }
    ],
    "isTemplate": false,
    "count": 1,
    "lang": "en",
    "updated": 0
  },
  {
    "id": "c00f7898-84f2-40a2-add1-3e424e49052c",
    "data": [
      {
        "text": "what\u0027s my name?",
        "userDefined": false
      }
    ],
    "isTemplate": false,
    "count": 0,
    "lang": "en",
    "updated": 0
  },
  {
    "id": "c9dd99c1-f37f-4e01-8911-63242d0333e6",
    "data": [
      {
        "text": "I think I forgot my name",
        "userDefined": false
      }
    ],
    "isTemplate": false,
    "count": 0,
    "lang": "en",
    "updated": 0
  },
  {
    "id": "c59fcdf1-47ac-436c-a67b-37fdaa355bb5",
    "data": [
      {
        "text": "Can you tell me my name?",
        "userDefined": false
      }
    ],
    "isTemplate": false,
    "count": 0,
    "lang": "en",
    "updated": 0
  }
]