[
  {
    "id": "70e794c3-c186-465d-9558-9326e25ea948",
    "data": [
      {
        "text": "my favorite people are?",
        "userDefined": false
      }
    ],
    "isTemplate": false,
    "count": 0,
    "lang": "en",
    "updated": 0
  },
  {
    "id": "ae4ba90c-c497-4ea0-aa00-0e1dfcc8a932",
    "data": [
      {
        "text": "my favorite person is?",
        "userDefined": false
      }
    ],
    "isTemplate": false,
    "count": 0,
    "lang": "en",
    "updated": 0
  },
  {
    "id": "66230a46-5a1a-47c3-ac7a-b591330dda2f",
    "data": [
      {
        "text": "I cannot seem to recall my favorite person",
        "userDefined": false
      }
    ],
    "isTemplate": false,
    "count": 0,
    "lang": "en",
    "updated": 0
  },
  {
    "id": "e5852155-3ef6-49f5-9565-daeca092ed20",
    "data": [
      {
        "text": "could you help me recall my favorite person?",
        "userDefined": false
      }
    ],
    "isTemplate": false,
    "count": 0,
    "lang": "en",
    "updated": 0
  },
  {
    "id": "a291e3e7-0908-45c5-8d0a-40b65eb2e975",
    "data": [
      {
        "text": "can you help me recall all my favorite people?",
        "userDefined": false
      }
    ],
    "isTemplate": false,
    "count": 0,
    "lang": "en",
    "updated": 0
  },
  {
    "id": "20a35fe1-7b62-4427-985b-f00ef023353c",
    "data": [
      {
        "text": "can you help me recall my favorite person?",
        "userDefined": false
      }
    ],
    "isTemplate": false,
    "count": 0,
    "lang": "en",
    "updated": 0
  },
  {
    "id": "23ef251d-cec6-46cc-8bc4-66e2267d59fb",
    "data": [
      {
        "text": "do you have an idea of my favorite person?",
        "userDefined": false
      }
    ],
    "isTemplate": false,
    "count": 0,
    "lang": "en",
    "updated": 0
  },
  {
    "id": "e7c3466b-e478-4fe7-b3f6-d214633b6174",
    "data": [
      {
        "text": "what is my favorite person\u0027s name?",
        "userDefined": false
      }
    ],
    "isTemplate": false,
    "count": 0,
    "lang": "en",
    "updated": 0
  },
  {
    "id": "941c5541-b184-4f27-9dc6-c86ceb8c2b79",
    "data": [
      {
        "text": "who is my favorite person",
        "userDefined": false
      }
    ],
    "isTemplate": false,
    "count": 0,
    "lang": "en",
    "updated": 0
  },
  {
    "id": "c701b603-8073-4845-996f-53d208477824",
    "data": [
      {
        "text": "do i like any person?",
        "userDefined": false
      }
    ],
    "isTemplate": false,
    "count": 0,
    "lang": "en",
    "updated": 0
  },
  {
    "id": "5dcaa6b4-949a-4f59-8ecf-5e64fb313079",
    "data": [
      {
        "text": "tell me about my favorite person",
        "userDefined": false
      }
    ],
    "isTemplate": false,
    "count": 0,
    "lang": "en",
    "updated": 0
  },
  {
    "id": "bc8e4876-43a7-4fd8-81c4-212734b1a604",
    "data": [
      {
        "text": "do you have an idea of who my favorite people are?",
        "userDefined": false
      }
    ],
    "isTemplate": false,
    "count": 0,
    "lang": "en",
    "updated": 0
  },
  {
    "id": "98c0e1b8-8c62-4d04-b993-e473f83a605d",
    "data": [
      {
        "text": "do you know who my favorite person is?",
        "userDefined": false
      }
    ],
    "isTemplate": false,
    "count": 0,
    "lang": "en",
    "updated": 0
  },
  {
    "id": "bea4125e-b507-4ec7-8efe-d91d00964787",
    "data": [
      {
        "text": "do i have a favorite person?",
        "userDefined": false
      }
    ],
    "isTemplate": false,
    "count": 0,
    "lang": "en",
    "updated": 0
  },
  {
    "id": "67af2081-648c-47b7-9f16-8f2ecd5f117b",
    "data": [
      {
        "text": "do i have any favorite person?",
        "userDefined": false
      }
    ],
    "isTemplate": false,
    "count": 0,
    "lang": "en",
    "updated": 0
  },
  {
    "id": "8eb8311c-ebd5-43f3-ba25-2cc5222434c4",
    "data": [
      {
        "text": "do i have a person who is my favorite?",
        "userDefined": false
      }
    ],
    "isTemplate": false,
    "count": 0,
    "lang": "en",
    "updated": 0
  }
]