[
  {
    "id": "a7989be0-7a7a-479b-99c1-802007a3c7c0",
    "data": [
      {
        "text": "tell me about my favorite movie",
        "userDefined": false
      }
    ],
    "isTemplate": false,
    "count": 0,
    "lang": "en",
    "updated": 0
  },
  {
    "id": "9de77a4e-5b3e-4696-8fd6-50d0f95e8318",
    "data": [
      {
        "text": "do i have any movies which are my favorite?",
        "userDefined": false
      }
    ],
    "isTemplate": false,
    "count": 0,
    "lang": "en",
    "updated": 0
  },
  {
    "id": "932c7370-d9dd-4523-906a-b1f7cb9bd248",
    "data": [
      {
        "text": "do i have any favorite movie?",
        "userDefined": false
      }
    ],
    "isTemplate": false,
    "count": 0,
    "lang": "en",
    "updated": 0
  },
  {
    "id": "2d803939-1c85-44b5-a383-89c34325fb76",
    "data": [
      {
        "text": "do I have a favorite movie?",
        "userDefined": false
      }
    ],
    "isTemplate": false,
    "count": 0,
    "lang": "en",
    "updated": 0
  },
  {
    "id": "3f2f7c9f-9c25-4362-af30-eb6c14d37e8a",
    "data": [
      {
        "text": "my favorite movies are?",
        "userDefined": false
      }
    ],
    "isTemplate": false,
    "count": 0,
    "lang": "en",
    "updated": 0
  },
  {
    "id": "599e6321-41d0-4175-b354-3b60ae5ab59e",
    "data": [
      {
        "text": "my favorite movie is?",
        "userDefined": false
      }
    ],
    "isTemplate": false,
    "count": 0,
    "lang": "en",
    "updated": 0
  },
  {
    "id": "1ccc485d-a161-4ae0-8edb-c71deb6b4972",
    "data": [
      {
        "text": "could you help me recall all my favorite movies?",
        "userDefined": false
      }
    ],
    "isTemplate": false,
    "count": 0,
    "lang": "en",
    "updated": 0
  },
  {
    "id": "5fd6b1d9-1909-4dff-9f9e-c76e82e9a9a8",
    "data": [
      {
        "text": "could you help me recall my favorite movie?",
        "userDefined": false
      }
    ],
    "isTemplate": false,
    "count": 0,
    "lang": "en",
    "updated": 0
  },
  {
    "id": "adaca007-84a5-4be8-b302-f859cb07e65f",
    "data": [
      {
        "text": "Do you know what my favorite movies are?",
        "userDefined": false
      }
    ],
    "isTemplate": false,
    "count": 0,
    "lang": "en",
    "updated": 0
  },
  {
    "id": "72807fb1-cd57-4e40-ae80-af689fe4a2da",
    "data": [
      {
        "text": "Do you know what my favorite movie is?",
        "userDefined": false
      }
    ],
    "isTemplate": false,
    "count": 0,
    "lang": "en",
    "updated": 0
  },
  {
    "id": "9d913101-8d4b-40f0-9430-3ecc532542c7",
    "data": [
      {
        "text": "I cannot seem to recall my favorite movie",
        "userDefined": false
      }
    ],
    "isTemplate": false,
    "count": 0,
    "lang": "en",
    "updated": 0
  },
  {
    "id": "39ebf073-0ed8-4452-88f3-41c219e6d768",
    "data": [
      {
        "text": "I cannot recall my favorite movie",
        "userDefined": false
      }
    ],
    "isTemplate": false,
    "count": 0,
    "lang": "en",
    "updated": 0
  },
  {
    "id": "eebc7cf3-4c71-4f8e-8af3-5fd214e299a2",
    "data": [
      {
        "text": "what are my favorite movies?",
        "userDefined": false
      }
    ],
    "isTemplate": false,
    "count": 0,
    "lang": "en",
    "updated": 0
  },
  {
    "id": "44aa8b75-a95c-4539-b9a7-3901a8e49911",
    "data": [
      {
        "text": "what is my favorite movie?",
        "userDefined": false
      }
    ],
    "isTemplate": false,
    "count": 0,
    "lang": "en",
    "updated": 0
  }
]