[
  {
    "id": "6be37f01-76ab-44b4-92b6-2384818765d0",
    "data": [
      {
        "text": "what is my favorite song?",
        "userDefined": false
      }
    ],
    "isTemplate": false,
    "count": 0,
    "lang": "en",
    "updated": 0
  },
  {
    "id": "f187682c-1678-4edd-b3d4-db84478c3fd4",
    "data": [
      {
        "text": "what are my favorite songs?",
        "userDefined": false
      }
    ],
    "isTemplate": false,
    "count": 0,
    "lang": "en",
    "updated": 0
  },
  {
    "id": "c8832ac0-60df-4e5e-a4db-ceb8e06b4ab0",
    "data": [
      {
        "text": "I cannot recall my favorite song",
        "userDefined": false
      }
    ],
    "isTemplate": false,
    "count": 0,
    "lang": "en",
    "updated": 0
  },
  {
    "id": "43a43b76-7703-42f7-b9ae-0869edc5f641",
    "data": [
      {
        "text": "I cannot seem to recall my favorite songs",
        "userDefined": false
      }
    ],
    "isTemplate": false,
    "count": 0,
    "lang": "en",
    "updated": 0
  },
  {
    "id": "d7916609-6488-4eb0-b2b5-95b2731384f2",
    "data": [
      {
        "text": "Do you know what my favorite song is?",
        "userDefined": false
      }
    ],
    "isTemplate": false,
    "count": 0,
    "lang": "en",
    "updated": 0
  },
  {
    "id": "7fb8e2f5-29de-4738-b782-61f097a24797",
    "data": [
      {
        "text": "Do you know what my favorite songs are?",
        "userDefined": false
      }
    ],
    "isTemplate": false,
    "count": 0,
    "lang": "en",
    "updated": 0
  },
  {
    "id": "eb7f8194-0c85-4f0a-8d59-24b930161088",
    "data": [
      {
        "text": "could you help me recall my favorite song?",
        "userDefined": false
      }
    ],
    "isTemplate": false,
    "count": 0,
    "lang": "en",
    "updated": 0
  },
  {
    "id": "3688db8b-b62e-46c5-85b4-0c723c15cafb",
    "data": [
      {
        "text": "could you help me recall all my favorite songs?",
        "userDefined": false
      }
    ],
    "isTemplate": false,
    "count": 0,
    "lang": "en",
    "updated": 0
  },
  {
    "id": "0c6cfae2-36f0-457a-924d-37aa40672237",
    "data": [
      {
        "text": "my favorite song is?",
        "userDefined": false
      }
    ],
    "isTemplate": false,
    "count": 0,
    "lang": "en",
    "updated": 0
  },
  {
    "id": "a6db88b4-6dc7-4f7b-83fa-029e926647fb",
    "data": [
      {
        "text": "my favorite songs are?",
        "userDefined": false
      }
    ],
    "isTemplate": false,
    "count": 0,
    "lang": "en",
    "updated": 0
  },
  {
    "id": "40176c05-a60e-4f09-bbaa-c77c87ae5173",
    "data": [
      {
        "text": "do I have a favorite song?",
        "userDefined": false
      }
    ],
    "isTemplate": false,
    "count": 0,
    "lang": "en",
    "updated": 0
  },
  {
    "id": "2c01df88-18a2-4a5f-8f83-f5cc7ea383ba",
    "data": [
      {
        "text": "do i have any favorite songs?",
        "userDefined": false
      }
    ],
    "isTemplate": false,
    "count": 0,
    "lang": "en",
    "updated": 0
  },
  {
    "id": "74d9c8e8-6b03-454f-a99a-bed4baa6c827",
    "data": [
      {
        "text": "do i have any songs which are my favorite?",
        "userDefined": false
      }
    ],
    "isTemplate": false,
    "count": 0,
    "lang": "en",
    "updated": 0
  }
]