[
  {
    "id": "22826f4a-9c3b-49c0-96da-17e0c46b67db",
    "data": [
      {
        "text": "what are my favorite memories?",
        "userDefined": false
      }
    ],
    "isTemplate": false,
    "count": 0,
    "lang": "en",
    "updated": 0
  },
  {
    "id": "e59a9261-acee-42bb-bca5-70e6b28b6c30",
    "data": [
      {
        "text": "I cannot recall my favorite memories",
        "userDefined": false
      }
    ],
    "isTemplate": false,
    "count": 0,
    "lang": "en",
    "updated": 0
  },
  {
    "id": "2d1abb57-6bb3-478f-9a4b-847bd8777f47",
    "data": [
      {
        "text": "I cannot seem to recall my favorite memory",
        "userDefined": false
      }
    ],
    "isTemplate": false,
    "count": 0,
    "lang": "en",
    "updated": 0
  },
  {
    "id": "4f5340fb-34a6-46f1-ab4c-30f9ca6979c3",
    "data": [
      {
        "text": "do i have any memories which are my favorite?",
        "userDefined": false
      }
    ],
    "isTemplate": false,
    "count": 0,
    "lang": "en",
    "updated": 0
  },
  {
    "id": "f57b0abd-4a6e-488e-8281-b6e7a3366cc3",
    "data": [
      {
        "text": "do i have any favorite memory?",
        "userDefined": false
      }
    ],
    "isTemplate": false,
    "count": 0,
    "lang": "en",
    "updated": 0
  },
  {
    "id": "e3d601c3-a5ab-4fd5-8715-1c129dcb770c",
    "data": [
      {
        "text": "do I have a favorite memory?",
        "userDefined": false
      }
    ],
    "isTemplate": false,
    "count": 0,
    "lang": "en",
    "updated": 0
  },
  {
    "id": "f2b44e5d-20b9-4732-88ba-2d3625fe1c5e",
    "data": [
      {
        "text": "could you help me recall all my favorite memories?",
        "userDefined": false
      }
    ],
    "isTemplate": false,
    "count": 0,
    "lang": "en",
    "updated": 0
  },
  {
    "id": "21f64bb3-cfe6-43e8-8527-c706b74002b2",
    "data": [
      {
        "text": "could you help me recall my favorite memory?",
        "userDefined": false
      }
    ],
    "isTemplate": false,
    "count": 0,
    "lang": "en",
    "updated": 0
  },
  {
    "id": "ff30f14d-a459-4606-87bd-dd160e99e2e6",
    "data": [
      {
        "text": "Do you know what my favorite memories are?",
        "userDefined": false
      }
    ],
    "isTemplate": false,
    "count": 0,
    "lang": "en",
    "updated": 0
  },
  {
    "id": "5106f4e1-1a7a-49b7-a671-00d0a143b414",
    "data": [
      {
        "text": "Do you know what my favorite memory is?",
        "userDefined": false
      }
    ],
    "isTemplate": false,
    "count": 0,
    "lang": "en",
    "updated": 0
  },
  {
    "id": "9d02651b-ed0d-4e72-aa82-0515e12ce6f0",
    "data": [
      {
        "text": "what is my favorite memory?",
        "userDefined": false
      }
    ],
    "isTemplate": false,
    "count": 0,
    "lang": "en",
    "updated": 0
  },
  {
    "id": "536e3b2d-eca1-4d61-9bd6-171b6670f999",
    "data": [
      {
        "text": "tell me about my favorite memory",
        "userDefined": false
      }
    ],
    "isTemplate": false,
    "count": 0,
    "lang": "en",
    "updated": 0
  }
]