[
  {
    "id": "b0ba00d9-c04e-42c5-905c-1ae02815cafd",
    "data": [
      {
        "text": "let\u0027s list down routine ",
        "userDefined": false
      },
      {
        "text": "for the day",
        "meta": "@sys.date-time",
        "alias": "date-time",
        "userDefined": false
      }
    ],
    "isTemplate": false,
    "count": 0,
    "lang": "en",
    "updated": 0
  },
  {
    "id": "4d4af503-c96f-49af-ab5e-c5a6bbf35b01",
    "data": [
      {
        "text": "this is my routine",
        "userDefined": false
      }
    ],
    "isTemplate": false,
    "count": 0,
    "lang": "en",
    "updated": 0
  },
  {
    "id": "4ac86bf0-2d26-485b-a70e-f857cb69a232",
    "data": [
      {
        "text": "this is in my routine",
        "userDefined": false
      }
    ],
    "isTemplate": false,
    "count": 0,
    "lang": "en",
    "updated": 0
  },
  {
    "id": "9045cf2b-aa61-499f-ad35-778f72ca8605",
    "data": [
      {
        "text": "i want to add my routine",
        "userDefined": false
      }
    ],
    "isTemplate": false,
    "count": 0,
    "lang": "en",
    "updated": 0
  },
  {
    "id": "cad0154c-d196-4b08-9ff8-15ae162d01d3",
    "data": [
      {
        "text": "record habit",
        "userDefined": false
      }
    ],
    "isTemplate": false,
    "count": 0,
    "lang": "en",
    "updated": 0
  },
  {
    "id": "cdf9546a-a401-4161-8ec6-01036457359d",
    "data": [
      {
        "text": "I go to the gym on Mondays, Wednesdays and Fridays",
        "userDefined": false
      }
    ],
    "isTemplate": false,
    "count": 0,
    "lang": "en",
    "updated": 0
  },
  {
    "id": "c7544b5f-0a1f-4010-b272-a93c7e3b6fd5",
    "data": [
      {
        "text": "add routine",
        "userDefined": false
      }
    ],
    "isTemplate": false,
    "count": 0,
    "lang": "en",
    "updated": 0
  },
  {
    "id": "68f26696-5bc5-4dfb-b122-965aea1fe4ea",
    "data": [
      {
        "text": "add habit",
        "userDefined": false
      }
    ],
    "isTemplate": false,
    "count": 0,
    "lang": "en",
    "updated": 0
  },
  {
    "id": "929866cf-2a75-468f-acef-8f09acc52bde",
    "data": [
      {
        "text": "insert routine",
        "userDefined": false
      }
    ],
    "isTemplate": false,
    "count": 0,
    "lang": "en",
    "updated": 0
  },
  {
    "id": "ca7d85a5-eb34-40d2-a844-cd48bb20e858",
    "data": [
      {
        "text": "enter habit",
        "userDefined": false
      }
    ],
    "isTemplate": false,
    "count": 0,
    "lang": "en",
    "updated": 0
  },
  {
    "id": "f283dd31-9293-4ebb-a503-302b28e6f92a",
    "data": [
      {
        "text": "let\u0027s put my daily habits",
        "userDefined": false
      }
    ],
    "isTemplate": false,
    "count": 0,
    "lang": "en",
    "updated": 0
  },
  {
    "id": "b32c887b-4c95-4b48-bd50-9eaa179617f2",
    "data": [
      {
        "text": "routine",
        "userDefined": false
      }
    ],
    "isTemplate": false,
    "count": 0,
    "lang": "en",
    "updated": 0
  },
  {
    "id": "9652040b-a631-4d2e-8261-696da4613004",
    "data": [
      {
        "text": "I tell you my daily habits",
        "userDefined": false
      }
    ],
    "isTemplate": false,
    "count": 0,
    "lang": "en",
    "updated": 0
  },
  {
    "id": "de9a0eeb-63cb-43cc-b2d9-0e1e78cb67ca",
    "data": [
      {
        "text": "add repeat event",
        "userDefined": false
      }
    ],
    "isTemplate": false,
    "count": 0,
    "lang": "en",
    "updated": 0
  },
  {
    "id": "13ede25f-e31b-4c6c-baee-e90e11254630",
    "data": [
      {
        "text": "record repeated event",
        "userDefined": false
      }
    ],
    "isTemplate": false,
    "count": 0,
    "lang": "en",
    "updated": 0
  },
  {
    "id": "bb21e9d6-4548-4e90-a638-2e6b86628efe",
    "data": [
      {
        "text": "let\u0027s put my habits",
        "userDefined": false
      }
    ],
    "isTemplate": false,
    "count": 0,
    "lang": "en",
    "updated": 0
  }
]